max_id,微博id,评论页码,评论id,评论时间,评论点赞数,评论者IP归属地,评论者姓名,评论者id,评论者性别,评论者关注数,评论者粉丝数,评论内容,评论情绪分值
4959938743111187,4950695835600474,1,4950695927615164,2023-09-27 21:29:11,498,海南,天空下的温暖remember,6573832848,女,812,187.0,优秀的四川文化旅游宣传推广大使丁真珍珠,0.8891521988100177
4959938743111187,4950695835600474,1,4950696064977328,2023-09-27 21:29:44,439,上海,Lizzy天空是蓝色的,1902720621,女,282,679.0,今天的旅游大使依旧是全场最耀眼,0.8765456575223625
4959938743111187,4950695835600474,1,4950696127632461,2023-09-27 21:29:59,353,江苏,真真的小酒窝,7541826058,女,207,492.0,真真好棒呀！我们爱你也爱你的家乡,0.9986250824199541
4959938743111187,4950695835600474,1,4950696514031319,2023-09-27 21:31:31,330,江苏,真真的小酒窝,7541826058,女,207,492.0,优秀的大使先生,0.9748865532565243
4959938743111187,4950695835600474,1,4950696312440476,2023-09-27 21:30:43,313,上海,SideA2018,6456365352,女,194,19000.0,我也很荣幸参加了四川文旅大会,0.9934554196668051
4959938743111187,4950695835600474,1,4950696144933802,2023-09-27 21:30:03,279,上海,SideA2018,6456365352,女,194,19000.0,好的老公,0.8041096900923822
4959938743111187,4950695835600474,1,4950696001541068,2023-09-27 21:29:29,277,英国,今天喜欢小红枣-,3256900040,女,736,570.0,好棒啊宝贝！,0.9804337672172005
4959938743111187,4950695835600474,1,4950696303531382,2023-09-27 21:30:41,242,云南,橘末ya_,5658957227,女,87,47.0,啊啊啊啊爱真真 真真很棒！！,0.9976797746317588
4959938743111187,4950695835600474,1,4950696073366357,2023-09-27 21:29:46,222,山西,-思念也被风吹皱,3265960310,女,254,235.0,宝贝好棒，有时间一定去,0.9807632884136944
4959938743111187,4950695835600474,1,4950696015692633,2023-09-27 21:29:32,212,中国台湾,樂樂布姆,7718819343,女,61,5.0,愛你我的寶,0.9547434980931392
4959938743111187,4950695835600474,1,4950696266304400,2023-09-27 21:30:32,215,安徽,丁真的妈妈粉,5511223704,女,68,150.0,宝贝因为你我才喜欢你的家乡你是最棒的旅游大使,0.9982359723075017
4959938743111187,4950695835600474,1,4950696090930753,2023-09-27 21:29:50,198,北京,一只小晚nix,2090181323,女,505,393.0,真真和熊猫一起可可爱爱,0.9515195028507231
4959938743111187,4950695835600474,1,4950696244805791,2023-09-27 21:30:26,224,陕西,下辈子做一个碗,7563129762,女,327,81.0,好棒啊！真真和熊猫一样可爱,0.9925826244410457
4959938743111187,4950695835600474,1,4950696228034848,2023-09-27 21:30:23,186,广东,勇敢的灵修杰809,6167838973,女,130,102.0,旅游宣传大使好棒,0.9655788060920631
4959938743111187,4950695835600474,1,4950696450332254,2023-09-27 21:31:16,168,浙江,王边路,2772487984,女,1322,453.0,袖子里伸出两只小手，抓住两只熊猫，好可爱😘,0.8978126538804541
4959938743111187,4950695835600474,1,4950695956451169,2023-09-27 21:29:18,176,中国台湾,樂樂布姆,7718819343,女,61,5.0,寶貝好棒,0.9986140935876059
4959938743111187,4950695835600474,1,4950697249082853,2023-09-27 21:34:26,178,四川,邻家小糖,1862187123,女,413,2976.0,好久不见的小可爱,0.5995149194707596
4959938743111187,4950695835600474,1,4950696785874284,2023-09-27 21:32:36,164,福建,我是闪闪呀-,1903082977,女,126,478.0,真的特别棒！希望你和家乡都越来越好，加油！,0.9968068008443052
4959938743111187,4950695835600474,1,4950695947014903,2023-09-27 21:29:16,145,河北,秦小影影,5176194191,女,1078,405.0,捉住,0.44163732832771696
4959938743111187,4950695835600474,1,4950722518189269,2023-09-27 23:14:51,123,,四川文旅,1780853205,女,959,1632000.0,安逸四川欢迎大家！！！,0.4430012196722882
4959938743111187,4950695835600474,2,4950697415540855,2023-09-27 21:35:05,142,四川,邻家小糖,1862187123,女,413,2976.0,四川文化旅游宣传大使丁真珍珠,0.4562454202524062
4959938743111187,4950695835600474,2,4950697046705803,2023-09-27 21:33:38,144,福建,我是闪闪呀-,1903082977,女,126,478.0,是我们四川宝贝，帅气又可爱的丁真珍珠呀,0.9357785307134804
4959938743111187,4950695835600474,2,4950696005997235,2023-09-27 21:29:30,135,福建,虫圣快乐,2682990655,女,149,74.0,哇哦哇哦哇哦哇哦哇哦哇哦哇哦哇哦哇哦哇哦哇哦哇哦哇哦哇哦哇哦哇哦哇哦哇哦@理塘丁真,0.5047796010573786
4959938743111187,4950695835600474,2,4950697492087233,2023-09-27 21:35:23,140,四川,邻家小糖,1862187123,女,413,2976.0,一分多钟 我们蹲了一天 你这孩子真的是可爱,0.8655384473860371
4959938743111187,4950695835600474,2,4950697818718292,2023-09-27 21:36:41,136,福建,我是闪闪呀-,1903082977,女,126,478.0,越来越优秀的你，为你感到骄傲！,0.9969640309740795
4959938743111187,4950695835600474,2,4950696261849030,2023-09-27 21:30:31,124,江苏,明媚灿烂自由顽强的格聂之子,5311225722,女,117,79.0,爱你爱你，,0.8523036850730743
4959938743111187,4950695835600474,2,4950696912224517,2023-09-27 21:33:05,130,福建,我是闪闪呀-,1903082977,女,126,478.0,心目中最棒的四川文化旅游宣传推广大使丁真珍珠,0.9197944245272088
4959938743111187,4950695835600474,2,4950701576558057,2023-09-27 21:51:38,130,广西,永远记得你说的AABB,7559047734,女,639,95.0,你是最棒的文旅推广大使大使,0.9991238686793369
4959938743111187,4950695835600474,2,4950697919387336,2023-09-27 21:37:06,127,江苏,爱心好宝贝,2776312352,女,403,60.0,宝贝今天虽然出现只有20秒，但你依然是最闪亮那一个，宝贝棒棒哒！,0.9991120304818597
4959938743111187,4950695835600474,2,4950696489386041,2023-09-27 21:31:24,91,上海,SideA2018,6456365352,女,194,19000.0,来日方长,0.9200203865573453
4959938743111187,4950695835600474,2,4950696141260377,2023-09-27 21:30:02,94,北京,啾啾家的阿波罗,7730542337,女,57,18.0,真真好棒！,0.9742745609152077
4959938743111187,4950695835600474,2,4950696196311221,2023-09-27 21:30:15,101,甘肃,沫曦的小珍珠吖,3126997833,女,486,166.0,乖乖的宝宝抱着乖乖的熊猫，都是四川的宝贝,0.3250968207920567
4959938743111187,4950695835600474,2,4950696325287388,2023-09-27 21:30:46,78,北京,啾啾家的阿波罗,7730542337,女,57,18.0,看我老公好帅！,0.8921518488606541
4959938743111187,4950695835600474,2,4950696752844477,2023-09-27 21:32:28,84,天津,美霞看世界,1119204215,女,54,919.0,真真你今晚好可爱好帅#2023四川省文化和旅游发展大会#,0.8557732218396578
4959938743111187,4950695835600474,2,4950696531068617,2023-09-27 21:31:35,90,上海,SideA2018,6456365352,女,194,19000.0,#丁真家乡入选天府旅游名县#,0.8329820072717807
4959938743111187,4950695835600474,2,4950695968248367,2023-09-27 21:29:21,80,广东,然日卡村民_不借钱,2580467457,女,128,319.0,很开心认识你,0.8407194911507154
4959938743111187,4950695835600474,2,4950696165641639,2023-09-27 21:30:08,72,上海,SideA2018,6456365352,女,194,19000.0,好的弟弟,0.7788215613219763
4959938743111187,4950695835600474,2,4950696489910960,2023-09-27 21:31:24,65,湖北,木易飞飞爱真真,3616201301,女,283,114.0,你站立的地方风吹过来都是甜的,0.9539311548333285
4959938743111187,4950695835600474,2,4950696341540759,2023-09-27 21:30:50,80,中国台湾,樂樂布姆,7718819343,女,61,5.0,愛你老公,0.8362747441212196
4959938743111187,4950695835600474,2,4950696090667395,2023-09-27 21:29:50,60,北京,啾啾家的阿波罗,7730542337,女,57,18.0,可爱宝贝,0.9235922953657
4959938743111187,4950695835600474,3,4950697643087413,2023-09-27 21:36:00,71,山西,土豆西施a,6123187288,女,124,42.0,期待有一天去真真家乡,0.8233325099618426
4959938743111187,4950695835600474,3,4950700204491896,2023-09-27 21:46:10,68,四川,邻家小糖,1862187123,女,413,2976.0,喜欢你的分享👍@理塘丁真,0.7375035259727815
4959938743111187,4950695835600474,3,4950703909636859,2023-09-27 22:00:54,73,山东,格聂山下的小鹿,2802090035,女,54,338.0,宝贝很棒哦～,0.9434107520791059
4959938743111187,4950695835600474,3,4950699916134905,2023-09-27 21:45:02,67,四川,邻家小糖,1862187123,女,413,2976.0,安逸在手 可爱加倍,0.8647282246700826
4959938743111187,4950695835600474,3,4950700208950036,2023-09-27 21:46:12,70,广东,甜酒甜不甜啊,3029284975,女,320,345.0,好喜欢你的家乡和你[爱慕],0.9847424940769085
4959938743111187,4950695835600474,3,4950704081600907,2023-09-27 22:01:34,70,山东,格聂山下的小鹿,2802090035,女,54,338.0,一件没穿过的衣服呢,0.42890559598648637
4959938743111187,4950695835600474,3,4950696220166575,2023-09-27 21:30:20,55,北京,啾啾家的阿波罗,7730542337,女,57,18.0,为你骄傲啊,0.9620253164556962
4959938743111187,4950695835600474,3,4950696468416181,2023-09-27 21:31:20,56,江苏,明媚灿烂自由顽强的格聂之子,5311225722,女,117,79.0,宝贝加油，每次都看到你新的进步,0.9670635644533694
4959938743111187,4950695835600474,3,4950699760162351,2023-09-27 21:44:25,56,四川,邻家小糖,1862187123,女,413,2976.0,👍,0.5
4959938743111187,4950695835600474,3,4950701199330860,2023-09-27 21:50:08,62,广东,--Mirror-hope--,2790291864,女,118,361.0,今天的可爱真真宝贝,0.9641943319905883
4959938743111187,4950695835600474,3,4950696031420466,2023-09-27 21:29:35,60,河南,伊圭YIGIL,5752367548,女,106,177.0,好dior,0.6289989417690219
4959938743111187,4950695835600474,3,4950698086107797,2023-09-27 21:37:46,62,福建,我是闪闪呀-,1903082977,女,126,478.0,真真宝贝真棒👍,0.9103839738310623
4959938743111187,4950695835600474,3,4950697047753304,2023-09-27 21:33:38,49,中国台湾,樂樂布姆,7718819343,女,61,5.0,我愛你,0.6944444444444444
4959938743111187,4950695835600474,3,4950696911964554,2023-09-27 21:33:06,46,湖北,木易飞飞爱真真,3616201301,女,283,114.0,也应该是后盾,0.5
4959938743111187,4950695835600474,3,4950696383743518,2023-09-27 21:31:00,50,湖北,木易飞飞爱真真,3616201301,女,283,114.0,我喜欢你的家乡，可我更喜欢你@理塘丁真,0.9615005152889751
4959938743111187,4950695835600474,3,4950696019887032,2023-09-27 21:29:33,50,安徽,丁真的妈妈粉,5511223704,女,68,150.0,宝贝好棒,0.9804337672172005
4959938743111187,4950695835600474,3,4950695978207247,2023-09-27 21:29:23,49,四川,轻风0507,7498821538,女,411,91.0,今天你太帅了,0.875
4959938743111187,4950695835600474,3,4950696207851068,2023-09-27 21:30:18,50,湖北,木易飞飞爱真真,3616201301,女,283,114.0,丁真珍珠你好帅@理塘丁真,0.7402859541997951
4959938743111187,4950695835600474,3,4950696630685695,2023-09-27 21:31:59,44,四川,樂兒楽兒,1290322355,女,328,2503.0,今天真帅,0.5
4959938743111187,4950695835600474,3,4950699790045033,2023-09-27 21:44:32,57,四川,邻家小糖,1862187123,女,413,2976.0,赞赞赞,0.9984512631977194
4959938743111187,4950695835600474,4,4950696589002235,2023-09-27 21:31:49,45,四川,轻风0507,7498821538,女,411,91.0,为你点赞,0.7374622182534356
4959938743111187,4950695835600474,4,4950701263032342,2023-09-27 21:50:23,57,北京,青青的妈201602,5492998575,女,4781,444.0,不愧是家乡的代言人@理塘丁真 ,0.9870290919215265
4959938743111187,4950695835600474,4,4950696552563801,2023-09-27 21:31:40,48,江苏,明媚灿烂自由顽强的格聂之子,5311225722,女,117,79.0,晚安啦，辛苦了,0.7984823023023365
4959938743111187,4950695835600474,4,4950696072839621,2023-09-27 21:29:45,33,北京,珍珠是丁总最爱的漂亮小白马呀,6571814348,女,56,83.0,不知道说什么急死我了急死我了急死我了急死我了急死我了急死我了急死我了急死我了急死我了急死我了急死我了急死我了急死我了急死我了急死我了急死我了急死我了急死我了急死我了急死我了急死我了急死我了急死我了急死我了急死我了急死我了急死我了急死我了急死我了急死我了,0.0
4959938743111187,4950695835600474,4,4950697042249859,2023-09-27 21:33:37,38,江苏,真真听说过阿秋拉尕酸奶吗,7745603588,女,127,76.0,哇好可爱,0.8742571242618242
4959938743111187,4950695835600474,4,4950696913274742,2023-09-27 21:33:06,42,四川,轻风0507,7498821538,女,411,91.0,称职的四川省文化旅游宣传推广大使丁真珍珠,0.9603773358452815
4959938743111187,4950695835600474,4,4950696875262751,2023-09-27 21:32:57,34,湖北,木易飞飞爱真真,3616201301,女,283,114.0,家乡是被窝,0.7188946275641602
4959938743111187,4950695835600474,4,4950696631993369,2023-09-27 21:31:59,32,湖北,木易飞飞爱真真,3616201301,女,283,114.0,你开心我就开心,0.8836542188572984
4959938743111187,4950695835600474,4,4950696815497383,2023-09-27 21:32:43,30,湖北,木易飞飞爱真真,3616201301,女,283,114.0,包被你好棒,0.8255833829413494
4959938743111187,4950695835600474,4,4950696202865282,2023-09-27 21:30:17,43,江苏,明媚灿烂自由顽强的格聂之子,5311225722,女,117,79.0,真真最棒,0.9515088331817769
4959938743111187,4950695835600474,4,4950696606568563,2023-09-27 21:31:53,32,湖北,木易飞飞爱真真,3616201301,女,283,114.0,宝贝你会越来越好,0.8758172043441927
4959938743111187,4950695835600474,4,4950698333574901,2023-09-27 21:38:45,34,黑龙江,真真的格桑花,7570116752,女,197,193.0,#丁真家乡入选天府旅游名县# 啊啊啊啊啊啊啊啊啊啊啊啊啊啊啊啊，可爱的真真宝贝！,0.9999999999321034
4959938743111187,4950695835600474,4,4950696406028959,2023-09-27 21:31:05,33,北京,啾啾家的阿波罗,7730542337,女,57,18.0,宝贝宝贝,0.9034728940928324
4959938743111187,4950695835600474,4,4950696514553816,2023-09-27 21:31:31,39,四川,轻风0507,7498821538,女,411,91.0,,0.5
4959938743111187,4950695835600474,4,4950697809545983,2023-09-27 21:36:40,32,河南,一只_可颂,7765460730,男,200,9.0,好可爱！！！,0.6869901494252004
4959938743111187,4950695835600474,4,4950696262634573,2023-09-27 21:30:31,34,江西,南昌整理师-云云,5638519854,女,118,26.0,优秀的四川文化旅游宣传推广大使丁真珍珠,0.8891521988100177
4959938743111187,4950695835600474,4,4950696224099761,2023-09-27 21:30:22,28,四川,橘子和小贝,7470642917,女,548,416.0,真真,0.7058823529411762
4959938743111187,4950695835600474,4,4950697534033503,2023-09-27 21:35:34,32,上海,沒頭腦和不高興Fei,1986757103,女,157,645.0,宝贝 你来啦,0.760504201680672
4959938743111187,4950695835600474,4,4950697830256094,2023-09-27 21:36:45,24,四川,橘子和小贝,7470642917,女,548,416.0,今天你的家乡入围天府旅游名县啦，恭喜,0.9791469622405544
4959938743111187,4950695835600474,4,4950696455310938,2023-09-27 21:31:17,26,浙江,Happy仔仔滴麻麻,5725731542,女,45,124.0,好的，每年都会去你的家乡玩,0.9201127998682888
4959938743111187,4950695835600474,5,4950697667986337,2023-09-27 21:36:05,25,福建,小集天气晴,1921700932,女,493,306.0,好的呀好的呀@理塘丁真,0.7455406013652939
4959938743111187,4950695835600474,5,4950702973519773,2023-09-27 21:57:11,37,新加坡,太阳月亮小红枣,7230149212,女,205,114.0,和真真一起安逸走四川@理塘丁真,0.8711265359675953
4959938743111187,4950695835600474,5,4950697168601949,2023-09-27 21:34:07,24,北京,珍珠是丁总最爱的漂亮小白马呀,6571814348,女,56,83.0,好爱好爱好爱好爱好爱好爱好爱好爱好爱好爱好爱好爱好爱好爱好爱好爱好爱好爱好爱好爱好爱好爱好爱好爱好爱好爱好爱好爱好爱好爱好爱好爱好爱好爱好爱好爱,1.0
4959938743111187,4950695835600474,5,4950702156415376,2023-09-27 21:53:55,13,江苏,che澈澈che,3895587955,女,503,105.0,丁真珍珠明天见,0.2314343524575918
4959938743111187,4950695835600474,5,4950696584809730,2023-09-27 21:31:48,14,广西,蓝色城管队队长夫人,2019998895,女,207,65.0,祝福宝贝和家乡都越来越好,0.9967831110440961
4959938743111187,4950695835600474,5,4950696161708990,2023-09-27 21:30:07,20,福建,虫圣快乐,2682990655,女,149,74.0,你知道你有多好看吗？@理塘丁真 ,0.3834175563036136
4959938743111187,4950695835600474,5,4950701606703083,2023-09-27 21:51:45,28,四川,咋哇啥子,5970601628,女,271,244.0,呜呜呜今天没能去现场见你。现在在家哭死,0.36434902599892627
4959938743111187,4950695835600474,5,4950698401730352,2023-09-27 21:39:01,30,重庆,zxl650410,6571882633,女,79,28.0,#丁真珍珠# 永远喜欢你,0.13018224672893297
4959938743111187,4950695835600474,5,4950696534212927,2023-09-27 21:31:35,23,广西,惜小君阿宝,2349063097,女,149,66.0,三只可爱宝宝@理塘丁真 你和熊猫,0.5010062935094216
4959938743111187,4950695835600474,5,4950729737110696,2023-09-27 23:43:32,29,北京,蘑美,2073802885,女,98,603.0,虽然但是，今天超可爱！😭😭😭,0.8370634339001279
4959938743111187,4950695835600474,5,4950696464220340,2023-09-27 21:31:18,25,湖北,我只是勤快得不明显,1879571972,女,843,216.0,真真宝贝和熊猫一样可爱 @理塘丁真 ,0.9594322034032867
4959938743111187,4950695835600474,5,4950696320832471,2023-09-27 21:30:45,18,广东,楚小凤凰,1869152690,女,177,93.0,优秀的旅游大使,0.9664323267510675
4959938743111187,4950695835600474,5,4950695998391480,2023-09-27 21:29:28,24,河南,暖暖的你M,5447443126,女,123,20.0,哇,0.5186087203253569
4959938743111187,4950695835600474,5,4950702617526794,2023-09-27 21:55:45,26,日本,tsubame羽,1101955355,女,218,105.0,我刚进直播间就看到你，太开心了,0.2985279407110122
4959938743111187,4950695835600474,5,4950699882057060,2023-09-27 21:44:54,19,浙江,村落2,2927704701,女,608,237.0,#丁真四川文化旅游宣传推广大使# ,0.05096810756533532
4959938743111187,4950695835600474,5,4950705539913200,2023-09-27 22:07:23,20,四川,一张瓢根儿呀,2818868854,男,125,1018.0,对，欢迎大家到四川来玩，到我和丁真的家来玩,0.43164756450810915
4959938743111187,4950695835600474,5,4950700822630591,2023-09-27 21:48:38,16,广东,大懒是窝,5568148126,女,33,35.0,小可爱抱着两个小可爱超可爱的啊[吹风车][吹风车],0.9924621829401393
4959938743111187,4950695835600474,5,4950736960751342,2023-09-28 00:12:14,18,四川,敷衍的圈圈,1919081847,女,86,1559.0,积极响应旅游大使号召，你看我这不就来了么,0.36865627022032366
4959938743111187,4950695835600474,5,4950702284868045,2023-09-27 21:54:27,21,宁夏,mimihiei,5700632439,女,412,424.0,等你村子民宿修了地暖  我尝试挑战一下冬天去看雪景,0.903477434683346
4959938743111187,4950695835600474,5,4950697928298490,2023-09-27 21:37:08,16,四川,橘子和小贝,7470642917,女,548,416.0,理塘的今天有你的一份功劳,0.7931700620122826
4959938743111187,4950695835600474,6,4950696740263268,2023-09-27 21:32:25,13,四川,橘子和小贝,7470642917,女,548,416.0,我们一起欢迎大家来四川耍巴适,0.5863759646493683
4959938743111187,4950695835600474,6,4950696376405628,2023-09-27 21:30:58,11,广西,蓝色城管队队长夫人,2019998895,女,207,65.0,大使先生今晚表现超棒👍🏾👍🏾👍🏾👍🏾👍🏾,0.9786557679299551
4959938743111187,4950695835600474,6,4950702918208238,2023-09-27 21:56:58,21,浙江,俏皮童话,2667329475,女,372,90.0,我滴真宝好棒，我滴珍宝好可爱,0.9994307059782156
4959938743111187,4950695835600474,6,4950702268879089,2023-09-27 21:54:23,28,日本,tsubame羽,1101955355,女,218,105.0,你好棒啊，优秀的四川旅游大使先生,0.9824910828750372
4959938743111187,4950695835600474,6,4950696389247179,2023-09-27 21:31:00,17,云南,橘末ya_,5658957227,女,87,47.0,爱真真爱！,0.698287786580878
4959938743111187,4950695835600474,6,4950696200506887,2023-09-27 21:30:16,23,贵州,宵遥派掌门,5888501676,女,1287,117.0,怎么又瘦了呀宝,0.9256356799912548
4959938743111187,4950695835600474,6,4950702965129929,2023-09-27 21:57:09,23,广东,星星的斤斤,7554965839,女,153,16.0,最年轻最称职的旅游大使,0.9955208747290403
4959938743111187,4950695835600474,6,4950697079478903,2023-09-27 21:33:46,12,四川,橘子和小贝,7470642917,女,548,416.0,宜宾满城酒香哇,0.6545868631111997
4959938743111187,4950695835600474,6,4950696812352936,2023-09-27 21:32:42,15,广东,楚小凤凰,1869152690,女,177,93.0,祝你的家乡越来越好,0.9673806802872209
4959938743111187,4950695835600474,6,4950698204332394,2023-09-27 21:38:13,20,重庆,zxl650410,6571882633,女,79,28.0,#丁真珍珠# ,0.03181907004427387
4959938743111187,4950695835600474,6,4950828752044426,2023-09-28 06:16:59,17,湖南,dztjwxc2099,3777926923,女,74,149.0,又是爱你的一天哦@理塘丁真,0.578795041456902
4959938743111187,4950695835600474,6,4950698766894268,2023-09-27 21:40:28,23,重庆,zxl650410,6571882633,女,79,28.0,#丁真珍珠# ,0.03181907004427387
4959938743111187,4950695835600474,6,4950697119059942,2023-09-27 21:33:55,15,马来西亚,落雪寒梅阳归来,6179131595,女,561,21.0,你为什么那么可爱呢！太可爱了@理塘丁真 ,0.8736104554544388
4959938743111187,4950695835600474,6,4950701102075799,2023-09-27 21:49:45,15,马来西亚,落雪寒梅阳归来,6179131595,女,561,21.0,想去  不远！因为有你“丁真珍珠”宝贝！@理塘丁真 ,0.7201306930444304
4959938743111187,4950695835600474,6,4950701568692649,2023-09-27 21:51:36,11,江苏,che澈澈che,3895587955,女,503,105.0,开心每一天,0.6249322191954318
4959938743111187,4950695835600474,6,4950868371702495,2023-09-28 08:54:25,16,中国台湾,牛肉托托,7798931021,女,94,53.0,準備去工作了嗎？,0.4798696157127289
4959938743111187,4950695835600474,6,4950868299877577,2023-09-28 08:54:08,17,中国台湾,牛肉托托,7798931021,女,94,53.0,你在做什麼呢,0.383717750904512
4959938743111187,4950695835600474,6,4950828726616151,2023-09-28 06:16:52,16,湖南,dztjwxc2099,3777926923,女,74,149.0,宝贝早上好呀@理塘丁真,0.743668943219666
4959938743111187,4950695835600474,6,4950696803437614,2023-09-27 21:32:40,12,四川,橘子和小贝,7470642917,女,548,416.0,藏袍好好看,0.576097491277309
4959938743111187,4950695835600474,6,4950696598180175,2023-09-27 21:31:51,19,湖北,我只是勤快得不明显,1879571972,女,843,216.0,太棒啦！你是最棒的文旅大使  @理塘丁真,0.9966199679430972
4959938743111187,4950695835600474,7,4950697801683526,2023-09-27 21:36:38,18,中国台湾,永和小林綠,7567289127,女,150,22.0,中氣十足的流暢[鮮花]@理塘丁真,0.2812822621013237
4959938743111187,4950695835600474,7,4950878353098388,2023-09-28 09:34:05,20,江苏,有点甜喜欢,7745404187,女,111,6.0,早上好，开机大吉,0.039246341697479314
4959938743111187,4950695835600474,7,4950702482788962,2023-09-27 21:55:14,18,陕西,悟空0908,1708713667,女,412,376.0,宝贝,0.760504201680672
4959938743111187,4950695835600474,7,4950702151437744,2023-09-27 21:53:55,14,陕西,悟空0908,1708713667,女,412,376.0,宝贝你来啦@理塘丁真,0.7502779938595127
4959938743111187,4950695835600474,7,4950701093683759,2023-09-27 21:49:42,13,浙江,夏日小野花,7379228926,女,160,22.0,最优秀的文旅大使你的家乡会越来越好,0.9903905993489811
4959938743111187,4950695835600474,7,4950700112478717,2023-09-27 21:45:48,13,广东,甜酒甜不甜啊,3029284975,女,320,345.0,好呀宝贝,0.8433503150105338
4959938743111187,4950695835600474,7,4950696271547988,2023-09-27 21:30:33,17,湖北,我只是勤快得不明显,1879571972,女,843,216.0,最帅的四川文旅大使丁真珍珠 ,0.8598935775431596
4959938743111187,4950695835600474,7,4950698992864079,2023-09-27 21:41:22,17,重庆,zxl650410,6571882633,女,79,28.0,#丁真珍珠# ,0.03181907004427387
4959938743111187,4950695835600474,7,4950698706867278,2023-09-27 21:40:14,18,重庆,zxl650410,6571882633,女,79,28.0,#丁真珍珠# ,0.03181907004427387
4959938743111187,4950695835600474,7,4950696258700861,2023-09-27 21:30:30,13,浙江,漠and沐,6014550250,女,145,301.0,你真可爱,0.7990157206074124
4959938743111187,4950695835600474,7,4950697643085066,2023-09-27 21:36:00,15,重庆,赏金小萌女_309,5574298033,女,41,9.0,#丁真珍珠# ,0.03181907004427387
4959938743111187,4950695835600474,7,4950697612936871,2023-09-27 21:35:53,15,重庆,赏金小萌女_309,5574298033,女,41,9.0,#丁真珍珠# ,0.03181907004427387
4959938743111187,4950695835600474,7,4950696895448797,2023-09-27 21:33:02,10,浙江,村落2,2927704701,女,608,237.0,好喜欢你和你的家乡，尤其是你,0.9329141457345016
4959938743111187,4950695835600474,7,4950696438269946,2023-09-27 21:31:13,10,四川,橘子和小贝,7470642917,女,548,416.0,就知道要发博@理塘丁真,0.25758725669705873
4959938743111187,4950695835600474,7,4950695999178625,2023-09-27 21:29:28,10,浙江,琪琪向日葵qiqi,7084224188,女,123,180.0,好乖的宝宝@理塘丁真,0.9789276260351096
4959938743111187,4950695835600474,7,4950925519884504,2023-09-28 12:41:30,9,四川,雪山白马少年,7545437255,女,915,395.0,祝开机大吉 票房大卖,0.5819502832649172
4959938743111187,4950695835600474,7,4950697252752718,2023-09-27 21:34:27,13,江苏,然日卡的风,5581695586,女,340,61.0,看到宝贝啦好想把手伸进电视机屏幕里，一把抢走你手里的熊猫,0.18149560845577384
4959938743111187,4950695835600474,7,4950696689405728,2023-09-27 21:32:13,12,河南,TD圣下午团,6925034332,女,814,30.0,有机会我也去四川旅游,0.429172504273472
4959938743111187,4950695835600474,7,4950696337086393,2023-09-27 21:30:49,19,北京,须臾成光的世界lu,5615254266,女,116,945.0,祝真真和家乡越来越好,0.8731020738672497
4959938743111187,4950695835600474,8,4952831246206185,2023-10-03 18:54:11,7,四川,真的养乐多迷你mini海,2809147007,女,138,505.0,你还不出来吗,0.3964807042604169
4959938743111187,4950695835600474,8,4952831209242947,2023-10-03 18:54:01,7,四川,真的养乐多迷你mini海,2809147007,女,138,505.0,假期过半了,0.9352149925962263
4959938743111187,4950695835600474,8,4950878614717234,2023-09-28 09:35:07,17,江苏,有点甜喜欢,7745404187,女,111,6.0,#丁真邀请世界游客来四川#开心每一天，#丁真参演电影永不失联的爱# 开机大吉,0.0012466384112758133
4959938743111187,4950695835600474,8,4950698167373170,2023-09-27 21:38:05,13,湖北,我只是勤快得不明显,1879571972,女,843,216.0,真真你和大熊猫一样 都是四川的宝贝 也是四川的骄傲 也是我们心尖尖的最爱  @理塘丁真,0.9978795945170164
4959938743111187,4950695835600474,8,4950697693417511,2023-09-27 21:36:12,11,四川,橘子和小贝,7470642917,女,548,416.0,看到安逸没,0.7793806940434009
4959938743111187,4950695835600474,8,4950697571518975,2023-09-27 21:35:43,12,重庆,赏金小萌女_309,5574298033,女,41,9.0,#丁真珍珠# ,0.03181907004427387
4959938743111187,4950695835600474,8,4953761124190229,2023-10-06 08:29:11,6,广东,我是糖果_89273,6536742158,女,647,153.0,宝贝，你和你手上的两只熊猫公仔一样可爱！@理塘丁真,0.7213104358489938
4959938743111187,4950695835600474,8,4952828692140927,2023-10-03 18:44:02,6,广东,桐桐子的暖暖,6374436326,女,387,319.0,超级可爱,0.7875451492780385
4959938743111187,4950695835600474,8,4950820530684324,2023-09-28 05:44:19,11,北京,啾啾家的阿波罗,7730542337,女,57,18.0,全场最靓的仔！,0.9905315942447468
4959938743111187,4950695835600474,8,4950704282665171,2023-09-27 22:02:22,10,四川,小安伊一,5597667720,女,263,55.0,,0.5
4959938743111187,4950695835600474,8,4950703347338003,2023-09-27 21:58:40,12,浙江,风吹过天边路,2105270047,女,235,126.0,你就是那颗闪耀的星,0.818381910709005
4959938743111187,4950695835600474,8,4950698901638632,2023-09-27 21:41:00,9,宁夏,mimihiei,5700632439,女,412,424.0,又可爱又帅气,0.918851403283493
4959938743111187,4950695835600474,8,4950698138275905,2023-09-27 21:37:58,9,宁夏,mimihiei,5700632439,女,412,424.0,你比熊猫玩偶还可爱,0.7633868302127655
4959938743111187,4950695835600474,8,4950697227584648,2023-09-27 21:34:21,8,安徽,鼠鼠老张,1863414550,女,593,622.0,优秀我的宝贝！,0.9462647556805652
4959938743111187,4950695835600474,8,4950695990266671,2023-09-27 21:29:26,8,中国台湾,牛肉托托,7798931021,女,94,53.0,會的，我會去你的家鄉玩,0.46833720774650933
4959938743111187,4950695835600474,8,4950842534266093,2023-09-28 07:11:45,11,四川,梅朵山花花,7032744398,女,96,52.0,你和你怀里的熊猫一样，可爱又珍稀，好讨人喜欢的@理塘丁真,0.9760449248082885
4959938743111187,4950695835600474,8,4950699303503213,2023-09-27 21:42:36,11,北京,珍珠是丁总最爱的漂亮小白马呀,6571814348,女,56,83.0,你一句欢迎来四川旅游，多少姐姐就把机票订好了,0.47967959582682174
4959938743111187,4950695835600474,8,4953244322759451,2023-10-04 22:15:35,17,四川,知晓318,5524456529,女,49,30.0,晚安啦@理塘丁真,0.5051471412817014
4959938743111187,4950695835600474,8,4952423778484515,2023-10-02 15:55:02,8,福建,我的名字是驾驾,2307395957,女,199,37.0,照顾好自己哦,0.9664676766097187
4959938743111187,4950695835600474,8,4952418401912190,2023-10-02 15:33:41,7,中国台湾,牛肉托托,7798931021,女,94,53.0,,0.5
4959938743111187,4950695835600474,9,4950909559243509,2023-09-28 11:38:05,9,湖北,木易飞飞爱真真,3616201301,女,283,114.0,午安啊,0.8057518654552909
4959938743111187,4950695835600474,9,4950909526478361,2023-09-28 11:37:57,8,湖北,木易飞飞爱真真,3616201301,女,283,114.0,包被,0.46641556811048324
4959938743111187,4950695835600474,9,4950702880457188,2023-09-27 21:56:48,8,广东,準妈瞎晃悠,2430199614,男,2341,7228.0,一定去四川旅游,0.21425835648421232
4959938743111187,4950695835600474,9,4950702651345437,2023-09-27 21:55:54,11,陕西,悟空0908,1708713667,女,412,376.0,#丁真四川文化旅游宣传推广大使# 一直在等真真宝贝@理塘丁真 ,0.2501867279609147
4959938743111187,4950695835600474,9,4950697218934089,2023-09-27 21:34:19,8,广东,然日卡村民_不借钱,2580467457,女,128,319.0,,0.5
4959938743111187,4950695835600474,9,4950697109363110,2023-09-27 21:33:53,9,云南,农夫高200308,7567378504,男,197,5.0,大使丁真珍珠你真的很棒,0.9703357240208852
4959938743111187,4950695835600474,9,4950696907771790,2023-09-27 21:33:05,11,北京,羽翼轻飏,6866844683,女,705,326.0,丁真最优秀的文化旅游宣传大使@理塘丁真,0.9427646597358713
4959938743111187,4950695835600474,9,4950696676822476,2023-09-27 21:32:10,13,广西,惜小君阿宝,2349063097,女,149,66.0,[爱慕][爱慕][爱慕]我的宝贝@理塘丁真,0.9961509131340742
4959938743111187,4950695835600474,9,4950696472875645,2023-09-27 21:31:21,6,江西,下则通的乞丐,3286609625,女,415,43.0,真真加油，你是最棒的,0.9875642982313082
4959938743111187,4950695835600474,9,4951263047322958,2023-09-29 11:02:43,10,四川,蒜苗旁边的小葱,2116574642,女,344,102.0,中秋快乐 在哪里过节呢,0.953014250774685
4959938743111187,4950695835600474,9,4950698821421734,2023-09-27 21:40:41,11,广东,Blue仔有深度,6017508797,女,269,2903.0,真真，一定支持你明年继续去你家乡,0.9799742419829018
4959938743111187,4950695835600474,9,4950697429172967,2023-09-27 21:35:08,6,福建,丁斤斤的哈尼达达达,7745591370,女,113,17.0,#丁真# 好可爱@理塘丁真,0.17776436943242202
4959938743111187,4950695835600474,9,4950696946041449,2023-09-27 21:33:13,9,四川,橘子和小贝,7470642917,女,548,416.0,她们说你有好多富贵儿,0.9411783792509373
4959938743111187,4950695835600474,9,4950696564360236,2023-09-27 21:31:43,6,四川,蒜苗旁边的小葱,2116574642,女,344,102.0,抱了两个安逸,0.931083104057137
4959938743111187,4950695835600474,9,4950696556758346,2023-09-27 21:31:41,6,云南,是你吹过的风,2286485292,女,158,686.0,宝贝，我一定去,0.750681731479808
4959938743111187,4950695835600474,9,4952687383153566,2023-10-03 09:22:31,8,四川,爱萝莉的米拉,6971706557,女,627,101.0,早啊，失联人士,0.7692895157236206
4959938743111187,4950695835600474,9,4953243564640754,2023-10-04 22:12:35,15,黑龙江,胖娟2013珍珠2023,3839372768,女,46,66.0,[吃馕][吃馕][吃馕],0.44540111604260324
4959938743111187,4950695835600474,9,4953243542093997,2023-10-04 22:12:29,15,黑龙江,胖娟2013珍珠2023,3839372768,女,46,66.0,[吹风车][吹风车][吹风车],0.42607652320573286
4959938743111187,4950695835600474,9,4953243505135121,2023-10-04 22:12:21,15,黑龙江,胖娟2013珍珠2023,3839372768,女,46,66.0,[吃瓜瓜][吃瓜瓜][吃瓜瓜],0.0017280788777229716
4959938743111187,4950695835600474,9,4953237125597098,2023-10-04 21:47:00,16,云南,嗨NHZZ,5531581977,女,38,8.0,晚安真真,0.37047112392441206
4959938743111187,4950695835600474,10,4952423568510442,2023-10-02 15:54:13,7,重庆,真的养乐多迷你mini海,2809147007,女,138,505.0,,0.5
4959938743111187,4950695835600474,10,4950698234743772,2023-09-27 21:38:21,8,宁夏,mimihiei,5700632439,女,412,424.0,四川文化旅游宣传推广大使丁真珍珠棒棒哒～,0.994166351516569
4959938743111187,4950695835600474,10,4950697511489128,2023-09-27 21:35:29,11,重庆,赏金小萌女_309,5574298033,女,41,9.0,#丁真珍珠# 永远支持你,0.0900807853004334
4959938743111187,4950695835600474,10,4950696614690822,2023-09-27 21:31:54,6,北京,追光者1376,5334001843,女,216,191.0,帅宝丁真珍珠#丁真珍珠#,0.16485447298264755
4959938743111187,4950695835600474,10,4950696421231906,2023-09-27 21:31:09,10,广西,惜小君阿宝,2349063097,女,149,66.0,可爱宝宝@理塘丁真,0.9108360092076383
4959938743111187,4950695835600474,10,4951119333950887,2023-09-29 01:31:39,8,四川,亮h亮j,6623127924,女,53,37.0,我回四川了呢,0.17395121334056585
4959938743111187,4950695835600474,10,4953246868705615,2023-10-04 22:25:43,16,云南,乖乖卯卯闯世界,5485348174,女,491,86.0,😴晚安噜~,0.3532770282185831
4959938743111187,4950695835600474,10,4952643049619919,2023-10-03 06:26:21,6,黑龙江,真真的格桑花,7570116752,女,197,193.0,真真宝贝，最近总会刷到关于可爱熊猫的视频，不过，确实很可爱，特别福宝！,0.9920325981767592
4959938743111187,4950695835600474,10,4952526224887753,2023-10-02 22:42:08,6,湖北,我是糖果_89273,6536742158,女,647,153.0,加油，宝贝,0.9278048495163169
4959938743111187,4950695835600474,10,4951239365494827,2023-09-29 09:28:37,8,江苏,明媚灿烂自由顽强的格聂之子,5311225722,女,117,79.0,开开心心，快快乐乐😄@理塘丁真,0.9262237289351313
4959938743111187,4950695835600474,10,4951239277937994,2023-09-29 09:28:16,9,江苏,明媚灿烂自由顽强的格聂之子,5311225722,女,117,79.0,因为爱你，所以也爱你的家乡呀@理塘丁真,0.9513343349427301
4959938743111187,4950695835600474,10,4950922658582287,2023-09-28 12:30:08,7,四川,橘子和小贝,7470642917,女,548,416.0,祝开机大吉,0.14475542736523772
4959938743111187,4950695835600474,10,4950922625553842,2023-09-28 12:30:00,5,四川,橘子和小贝,7470642917,女,548,416.0,今天开机啦,0.33391608391608374
4959938743111187,4950695835600474,10,4950728322844261,2023-09-27 23:37:55,13,浙江,夏日小野花,7379228926,女,160,22.0,可可爱爱大使崽崽,0.9997896852021065
4959938743111187,4950695835600474,10,4950726642241024,2023-09-27 23:31:14,14,安徽,昨夜听雨200702,7564625466,男,530,12.0,真真，今天跟着你开了一天的会,0.7493545445941974
4959938743111187,4950695835600474,10,4950698824565602,2023-09-27 21:40:42,7,甘肃,觉乃卓玛13766,7547935851,女,42,9.0,真真都这么欢迎了，有时间，姐姐一定去@理塘丁真,0.8727468323978259
4959938743111187,4950695835600474,10,4950698591259405,2023-09-27 21:39:46,5,内蒙古,温婉逸云烟,5842464090,女,393,168.0,帅气可爱的宝贝衣服很好看,0.9946412155970743
4959938743111187,4950695835600474,10,4950698346938691,2023-09-27 21:38:47,7,内蒙古,温婉逸云烟,5842464090,女,393,168.0,熊猫和宝贝都超可爱啊,0.7634995076861295
4959938743111187,4950695835600474,10,4950698262529438,2023-09-27 21:38:28,12,重庆,zxl650410,6571882633,女,79,28.0,#丁真珍珠# 很棒,0.11343138442805434
4959938743111187,4950695835600474,10,4950697566537613,2023-09-27 21:35:42,8,山东,借一双慧眼看尘世,6124845277,女,128,84.0,宝贝,0.760504201680672
4959938743111187,4950695835600474,11,4950697390113291,2023-09-27 21:34:59,7,山西,土豆西施a,6123187288,女,124,42.0,真真和手里的小熊猫一样一样可爱,0.9280125148249545
4959938743111187,4950695835600474,11,4950697240167548,2023-09-27 21:34:24,6,广西,燕燕于飞aabb,1977964087,女,96,55.0,,0.5
4959938743111187,4950695835600474,11,4950697193769393,2023-09-27 21:34:13,7,广东,然日卡村民_不借钱,2580467457,女,128,319.0,,0.5
4959938743111187,4950695835600474,11,4950696069959800,2023-09-27 21:29:45,10,江苏,浣熊浣熊我是熊猫丫,1989912874,男,262,256.0,,0.5
4959938743111187,4950695835600474,11,4950697357870090,2023-09-27 21:34:52,8,四川,喜欢丁真,7564835001,男,174,24.0,丁真珍珠@理塘丁真 宣传家乡你已经做的非常好了，是时侯为自已的前程考虑了,0.16412029272649742
4959938743111187,4950695835600474,11,4950696874999857,2023-09-27 21:32:56,5,山东,珍珠拌饭有点甜,6490519454,女,837,79.0,真真好棒,0.9742745609152077
4959938743111187,4950695835600474,11,4950696015430105,2023-09-27 21:29:31,9,广东,楚小凤凰,1869152690,女,177,93.0,最棒的真真,0.9515088331817769
4959938743111187,4950695835600474,11,4956061091759934,2023-10-12 16:48:26,5,贵州,由心而乐xinle,6820371442,女,158,56.0,真真今天是不是非遗活动，你在吗？@理塘丁真,0.35638102111736736
4959938743111187,4950695835600474,11,4952661209909096,2023-10-03 07:38:31,7,山西,土豆西施a,6123187288,女,124,42.0,新的一天开开心心顺顺利利,0.9839342089461409
4959938743111187,4950695835600474,11,4952661043183728,2023-10-03 07:37:50,7,山西,土豆西施a,6123187288,女,124,42.0,真真 早安,0.7922445185881242
4959938743111187,4950695835600474,11,4952423799461371,2023-10-02 15:55:08,7,福建,我的名字是驾驾,2307395957,女,199,37.0,,0.5
4959938743111187,4950695835600474,11,4952423731827236,2023-10-02 15:54:52,6,福建,我的名字是驾驾,2307395957,女,199,37.0,想你了,0.5188983299150307
4959938743111187,4950695835600474,11,4952423711115916,2023-10-02 15:54:47,6,福建,我的名字是驾驾,2307395957,女,199,37.0,真真宝贝，国庆在忙啥呢,0.5473484925300584
4959938743111187,4950695835600474,11,4952423652919574,2023-10-02 15:54:33,6,福建,我的名字是驾驾,2307395957,女,199,37.0,真真,0.7058823529411762
4959938743111187,4950695835600474,11,4952104059538957,2023-10-01 18:44:36,7,美国,MsKiseki,6010738289,女,305,1982.0,宝儿加油,0.5742935105817492
4959938743111187,4950695835600474,11,4951114510500237,2023-09-29 01:12:29,9,广东,每天推开梅,7555867526,男,46,9.0,晚安真真,0.37047112392441206
4959938743111187,4950695835600474,11,4950925326156630,2023-09-28 12:40:43,9,甘肃,下则通的小掌柜,7378117124,女,297,432.0,今天开机了，愿一切顺利，票房大卖,0.8966424144264092
4959938743111187,4950695835600474,11,4950703379318939,2023-09-27 21:58:48,13,浙江,风吹过天边路,2105270047,女,235,126.0,超棒,0.8055555555555557
4959938743111187,4950695835600474,11,4950703229371484,2023-09-27 21:58:12,15,四川,ADZ的姐姐,7503827237,女,251,57.0,你最称职的文化旅游推广大使@理塘丁真,0.990281098954847
4959938743111187,4950695835600474,11,4950699081470284,2023-09-27 21:41:43,8,陕西,拾取珍珠泪,6811559602,女,42,130.0,旅游大使真棒,0.8892789110943973
4959938743111187,4950695835600474,12,4953792920948724,2023-10-06 10:35:32,5,山西,我才没有超级凶鸭,2816549672,男,16,0.0,☘️听说可爱会被传染，你快靠我近点@理塘丁真,0.048012921792784824
4959938743111187,4950695835600474,12,4953773003507099,2023-10-06 09:16:23,5,江苏,云朵儿gxy,2437017874,女,110,1019.0,想看到宝贝的下一次活动,0.7761845250685327
4959938743111187,4950695835600474,12,4953576407565350,2023-10-05 20:15:11,5,山西,我才没有超级凶鸭,2816549672,男,16,0.0,不要愁，十年后这些难过都是下酒菜@理塘丁真,0.9577433369596583
4959938743111187,4950695835600474,12,4953006326153351,2023-10-04 06:29:53,4,云南,是你吹过的风,2286485292,女,158,686.0,早安大宝贝,0.8370438619189771
4959938743111187,4950695835600474,12,4952831369152984,2023-10-03 18:54:40,5,四川,真的养乐多迷你mini海,2809147007,女,138,505.0,#丁真家乡入选天府旅游名县# 爱家乡，爱真真,0.974594513561962
4959938743111187,4950695835600474,12,4952744001800917,2023-10-03 13:07:30,8,四川,真的养乐多迷你mini海,2809147007,女,138,505.0,饿了耶,0.1479717174775299
4959938743111187,4950695835600474,12,4952743967983564,2023-10-03 13:07:22,8,四川,真的养乐多迷你mini海,2809147007,女,138,505.0,你去哪里了,0.5053185533534877
4959938743111187,4950695835600474,12,4952743715541285,2023-10-03 13:06:22,7,四川,真的养乐多迷你mini海,2809147007,女,138,505.0,失联的爱,0.698287786580878
4959938743111187,4950695835600474,12,4951624085409377,2023-09-30 10:57:21,6,广东,涅槃汤,1872846680,女,1955,142.0,早呀男孩子,0.541842355749635
4959938743111187,4950695835600474,12,4951434175710988,2023-09-29 22:22:43,5,中国台湾,牛肉托托,7798931021,女,94,53.0,真真晚安，祝你有個好夢,0.9374391577855972
4959938743111187,4950695835600474,12,4950867364544719,2023-09-28 08:50:24,13,广东,贝贝贝糖果,6598868073,男,121,36.0,早 宝贝,0.7477822004678962
4959938743111187,4950695835600474,12,4950697144225169,2023-09-27 21:34:01,7,黑龙江,真真的诺言,1865741793,女,198,51.0,大使先生辛苦了，要注意身体呀,0.9884869905418758
4959938743111187,4950695835600474,12,4950696996116645,2023-09-27 21:33:26,7,四川,蒜苗旁边的小葱,2116574642,女,344,102.0,你和安逸一样乖,0.9862019809056
4959938743111187,4950695835600474,12,4950696989034054,2023-09-27 21:33:24,6,河南,真真的眼眸,7565617487,女,255,33.0,真真小可爱#丁真珍珠#,0.2232555610456849
4959938743111187,4950695835600474,12,4950696828077810,2023-09-27 21:32:46,5,四川,蒜苗旁边的小葱,2116574642,女,344,102.0,,0.5
4959938743111187,4950695835600474,12,4950696817066832,2023-09-27 21:32:43,5,四川,蒜苗旁边的小葱,2116574642,女,344,102.0,就是出来的时间太短了,0.2517411079655111
4959938743111187,4950695835600474,12,4950696341804245,2023-09-27 21:30:50,9,浙江,漠and沐,6014550250,女,145,301.0,虽然直播没看到你,0.3935212272352594
4959938743111187,4950695835600474,12,4950696330527569,2023-09-27 21:30:47,10,上海,Lizzy天空是蓝色的,1902720621,女,282,679.0,四川省旅游宣传大使——丁真，热情邀请大家去四川旅游咯~,0.42255339121556235
4959938743111187,4950695835600474,12,4950695906904451,2023-09-27 21:29:06,10,江西,东山顶上的流浪草,6341040325,女,193,38.0,最棒的宝贝,0.9629111351389229
4959938743111187,4950695835600474,12,4952690359535656,2023-10-03 09:34:21,7,福建,虫圣快乐,2682990655,女,149,74.0,早上好,0.509873709307783
4959938743111187,4950695835600474,13,4951958596354665,2023-10-01 09:06:34,5,四川,爱萝莉的米拉,6971706557,女,627,101.0,真真国庆节快乐！,0.9945794634196836
4959938743111187,4950695835600474,13,4950842722485098,2023-09-28 07:12:30,7,北京,珍珠是丁总最爱的漂亮小白马呀,6571814348,女,56,83.0,早呀真真，姐姐去爬长城咯,0.5756417592049027
4959938743111187,4950695835600474,13,4955994829623353,2023-10-12 12:25:08,5,山西,我才没有超级凶鸭,2816549672,男,16,0.0,把普通的事做得异常的好将带来成功@理塘丁真,0.9464363005257304
4959938743111187,4950695835600474,13,4955554386805603,2023-10-11 07:14:58,4,四川,我的隔壁有颗糖,5856421465,女,272,64.0,宝贝早上好,0.7540770838677704
4959938743111187,4950695835600474,13,4955543556064026,2023-10-11 06:31:56,4,黑龙江,真真的格桑花,7570116752,女,197,193.0,真真宝贝，早上好每天姐姐有时间就抓紧一切去吸真！说实话，早起确实有点困，但是还要看宝贝，还要上班班,0.9962523640507578
4959938743111187,4950695835600474,13,4955446626223466,2023-10-11 00:06:46,4,广东,我是糖果_89273,6536742158,女,647,153.0,晚安@理塘丁真,0.5051471412817014
4959938743111187,4950695835600474,13,4953377281934096,2023-10-05 07:03:56,5,黑龙江,真真的格桑花,7570116752,女,197,193.0,十月份的公开行程还会有么！期待真真宝贝给到的更多惊喜！,0.9886487040207451
4959938743111187,4950695835600474,13,4953377040236924,2023-10-05 07:02:58,5,黑龙江,真真的格桑花,7570116752,女,197,193.0,真真宝贝，已经失联好几天了，今天能不能出来呢！,0.6778322967898766
4959938743111187,4950695835600474,13,4953262723173594,2023-10-04 23:28:43,6,福建,我的名字是驾驾,2307395957,女,199,37.0,#丁真邀请世界游客来四川#,0.017901226574933204
4959938743111187,4950695835600474,13,4953262602587582,2023-10-04 23:28:14,6,福建,我的名字是驾驾,2307395957,女,199,37.0,晚安啦,0.5189757775342152
4959938743111187,4950695835600474,13,4953262580305681,2023-10-04 23:28:09,6,福建,我的名字是驾驾,2307395957,女,199,37.0,真真,0.7058823529411762
4959938743111187,4950695835600474,13,4953259557257981,2023-10-04 23:16:07,12,四川,真的养乐多迷你mini海,2809147007,女,138,505.0,去哪里了，饿得要饭都找不到方向了@理塘丁真,0.12173113854886741
4959938743111187,4950695835600474,13,4953173204141477,2023-10-04 17:33:00,8,中国台湾,牛肉托托,7798931021,女,94,53.0,一定會去你的家鄉[太開心],0.3497744954173152
4959938743111187,4950695835600474,13,4953111640938006,2023-10-04 13:28:22,4,吉林,Woaixfshh,5381091045,女,192,144.0,国庆假期快乐老家的游客多很多,0.9280540115037422
4959938743111187,4950695835600474,13,4953111425976612,2023-10-04 13:27:31,4,吉林,Woaixfshh,5381091045,女,192,144.0,真真,0.7058823529411762
4959938743111187,4950695835600474,13,4953111347068937,2023-10-04 13:27:11,4,吉林,Woaixfshh,5381091045,女,192,144.0,下24连白已经困的不得了了！能不能撒点儿什么,0.1911740973414211
4959938743111187,4950695835600474,13,4953111104061728,2023-10-04 13:26:13,4,吉林,Woaixfshh,5381091045,女,192,144.0,今天啥时候更新哪,0.3484848484848482
4959938743111187,4950695835600474,13,4953111044031592,2023-10-04 13:26:00,4,吉林,Woaixfshh,5381091045,女,192,144.0,真真,0.7058823529411762
4959938743111187,4950695835600474,13,4952678650612386,2023-10-03 08:47:49,7,辽宁,红姐hongjie,5653124578,女,48,11.0,节日快乐,0.9028084648450132
4959938743111187,4950695835600474,13,4952664330470553,2023-10-03 07:50:55,7,广西,嘎真切long123,2246619927,女,1919,189.0,早上好，第五天了，好久不见,0.0962409883972789
4959938743111187,4950695835600474,14,4952642662433371,2023-10-03 06:24:49,5,黑龙江,真真的格桑花,7570116752,女,197,193.0,心中最棒的四川省文化旅游推广形象大使丁真珍珠！,0.9977696517334691
4959938743111187,4950695835600474,14,4952642483127331,2023-10-03 06:24:06,4,黑龙江,真真的格桑花,7570116752,女,197,193.0,真真宝贝，早上好！最开心的事情就是遇见宝贝，每天都会有所期待！虽然不知道惊喜何时出现，但是真的很喜欢这种感觉！,0.9998756691719639
4959938743111187,4950695835600474,14,4952499134662171,2023-10-02 20:54:29,5,中国台湾,牛肉托托,7798931021,女,94,53.0,,0.5
4959938743111187,4950695835600474,14,4952499078566660,2023-10-02 20:54:16,5,中国台湾,牛肉托托,7798931021,女,94,53.0,,0.5
4959938743111187,4950695835600474,14,4952422226333321,2023-10-02 15:48:53,6,湖南,dztjwxc2099,3777926923,女,74,149.0,,0.5
4959938743111187,4950695835600474,14,4952422213487448,2023-10-02 15:48:50,6,湖南,dztjwxc2099,3777926923,女,74,149.0,,0.5
4959938743111187,4950695835600474,14,4952422202215610,2023-10-02 15:48:47,6,湖南,dztjwxc2099,3777926923,女,74,149.0,,0.5
4959938743111187,4950695835600474,14,4952422188323989,2023-10-02 15:48:44,6,湖南,dztjwxc2099,3777926923,女,74,149.0,,0.5
4959938743111187,4950695835600474,14,4952422179933322,2023-10-02 15:48:42,6,湖南,dztjwxc2099,3777926923,女,74,149.0,,0.5
4959938743111187,4950695835600474,14,4952422171804689,2023-10-02 15:48:40,6,湖南,dztjwxc2099,3777926923,女,74,149.0,宝贝下午好呀@理塘丁真,0.8288305178497747
4959938743111187,4950695835600474,14,4952422122258635,2023-10-02 15:48:27,6,湖南,dztjwxc2099,3777926923,女,74,149.0,,0.5
4959938743111187,4950695835600474,14,4952345479480792,2023-10-02 10:43:55,5,贵州,由心而乐xinle,6820371442,女,158,56.0,丁真作为旅游大使合格的王友梅，一直在宣传我们的快乐老家，现在好多朋友都被老家美丽的风景，质朴的风土人情打动，和我明年预约让我带着她们一起来，你觉得我咋样@理塘丁真 ,0.9999998051478076
4959938743111187,4950695835600474,14,4952180128220002,2023-10-01 23:46:52,4,湖北,木易飞飞爱真真,3616201301,女,283,114.0,包被晚安,0.4667815041975547
4959938743111187,4950695835600474,14,4951285143179056,2023-09-29 12:30:31,4,中国台湾,牛肉托托,7798931021,女,94,53.0,[太開心][太開心][太開心][太開心][太開心][太開心],0.7461270041329805
4959938743111187,4950695835600474,14,4950838721118998,2023-09-28 06:56:36,4,云南,是你吹过的风,2286485292,女,158,686.0,今天最后一天班了，明天放假了,0.7134677624400939
4959938743111187,4950695835600474,14,4950838642476338,2023-09-28 06:56:17,4,云南,是你吹过的风,2286485292,女,158,686.0,宝贝早安,0.8345861265351455
4959938743111187,4950695835600474,14,4950753681866855,2023-09-28 01:18:40,13,江苏,云豆yun,2045911235,女,110,20.0,,0.5
4959938743111187,4950695835600474,14,4950752624902781,2023-09-28 01:14:29,14,四川,DZ20236666,7564538448,女,90,54.0,晚安安可爱的帅宝贝,0.9791623160459522
4959938743111187,4950695835600474,14,4950727723582358,2023-09-27 23:35:31,13,江苏,yhh圆呼呼,5597524687,男,41,13.0,#丁真邀请世界游客来四川# ,0.017901226574933204
4959938743111187,4950695835600474,14,4950727647565570,2023-09-27 23:35:14,14,江苏,yhh圆呼呼,5597524687,男,41,13.0,#丁真邀请世界游客来四川#,0.017901226574933204
4959938743111187,4950695835600474,15,4950726248499912,2023-09-27 23:29:40,14,安徽,葡萄piao儿,7277615319,女,131,16.0,宝贝好棒,0.9804337672172005
4959938743111187,4950695835600474,15,4950703098561356,2023-09-27 21:57:41,5,山东,轻罗小扇,1452854647,女,368,5003.0,尽职尽责的大使先生。辛苦啦,0.8883229957080306
4959938743111187,4950695835600474,15,4950702896975891,2023-09-27 21:56:53,4,山东,轻罗小扇,1452854647,女,368,5003.0,恭喜真真，理塘上榜啦,0.20290247704773356
4959938743111187,4950695835600474,15,4950698707650775,2023-09-27 21:40:14,5,广西,枷玛格,3885607626,女,105,21.0,,0.5
4959938743111187,4950695835600474,15,4950698103149792,2023-09-27 21:37:50,7,河南,一只_可颂,7765460730,男,200,9.0,宝儿 中秋国庆快乐,0.47551658182545264
4959938743111187,4950695835600474,15,4950697814528713,2023-09-27 21:36:41,11,四川,真真的海依格乐,7611355974,男,51,5.0,宝贝是最棒的宣传大使,0.9829826179499255
4959938743111187,4950695835600474,15,4950697416592268,2023-09-27 21:35:06,11,广东,然日卡小星星1376,6149432115,女,310,196.0,好的，我要去四川吃冒菜@理塘丁真,0.2651987103338266
4959938743111187,4950695835600474,15,4950697293645042,2023-09-27 21:34:37,9,江西,阳春面DZzz,7562404115,女,113,132.0,好可爱,0.8742571242618242
4959938743111187,4950695835600474,15,4950697219197560,2023-09-27 21:34:19,8,浙江,开心诗儿,6644383006,女,574,92.0,丁宝和国宝,0.9402702366259417
4959938743111187,4950695835600474,15,4950697180142479,2023-09-27 21:34:10,5,广东,然日卡村民_不借钱,2580467457,女,128,319.0,来了来了,0.9000000000000001
4959938743111187,4950695835600474,15,4950696803439056,2023-09-27 21:32:40,10,四川,喜欢丁真,7564835001,男,174,24.0,丁真珍珠@理塘丁真 你手上的熊猫给谁了,0.1475893174219396
4959938743111187,4950695835600474,15,4950696711685246,2023-09-27 21:32:18,10,云南,紫茎泽兰79241,5848921554,男,289,1.0,丁真珍珠宝贝好棒,0.9779507721069226
4959938743111187,4950695835600474,15,4950696380858879,2023-09-27 21:30:58,7,江苏,明媚灿烂自由顽强的格聂之子,5311225722,女,117,79.0,支持你所有工作就完事啦，爱你爱你@理塘丁真,0.4931691641502063
4959938743111187,4950695835600474,15,4950695943604004,2023-09-27 21:29:15,7,安徽,冷若幽雁7687,6353469405,女,311,176.0,丁总辛苦了啊,0.8437492893217763
4959938743111187,4950695835600474,15,4950828768821442,2023-09-28 06:17:03,6,湖南,dztjwxc2099,3777926923,女,74,149.0,,0.5
4959938743111187,4950695835600474,15,4950781323116568,2023-09-28 03:08:30,5,四川,无量河边的闲云野鹤,6050812256,女,478,97.0,真真,0.7058823529411762
4959938743111187,4950695835600474,15,4950697507820114,2023-09-27 21:35:28,5,黑龙江,找回最初的自己fly,5869846313,女,1453,60.0,啊啊啊啊啊，宝儿    你是不是知道我在想你,0.947568879365013
4959938743111187,4950695835600474,15,4955912092519399,2023-10-12 06:56:22,5,北京,沐小姐姐abc,7538615876,女,1683,2041.0,早上好哈,0.509873709307783
4959938743111187,4950695835600474,15,4955331638592829,2023-10-10 16:29:51,4,河南,哈瓦夏日__,7558036611,女,225,8.0,好耶✌🏻,0.4813912796746427
4959938743111187,4950695835600474,15,4954499561557630,2023-10-08 09:23:28,5,广西,dzzz如星辰般闪耀,6546846427,女,49,192.0,愿你漂泊万里河山，归来依旧一汪碧泉，愿你阅览千态人间，归来不改眉目清浅，愿你踏破百丈红尘，归来仍是翩翩少年@理塘丁真,0.9999999992399391
4959938743111187,4950695835600474,16,4954351590965855,2023-10-07 23:35:29,4,广东,我是糖果_89273,6536742158,女,647,153.0,晚安！@理塘丁真,0.2538803285605945
4959938743111187,4950695835600474,16,4967206556797911,2023-11-12 10:56:32,0,四川,雨花石-苏苏,7871431634,女,33,0.0,回复@nice42366 的表态:,0.18274235590267174
4959938743111187,4950695835600474,16,4967016721286302,2023-11-11 22:22:12,1,湖北,看客阿九,2162955451,女,232,16.0,愿你一路上有良人相伴,0.9223451517920207
4959938743111187,4950695835600474,16,4965528293871977,2023-11-07 19:47:43,1,四川,I唯你如是,2623661501,女,20,45.0,,0.5
4959938743111187,4950695835600474,16,4965423327222060,2023-11-07 12:50:37,4,四川,杰森JasonZeng,5726932464,男,2492,224000.0,我又来了,0.5186087203253569
4959938743111187,4950695835600474,16,4964483685422381,2023-11-04 22:36:49,0,北京,38线艺人津津爱磕糖,3625957902,女,20000,127000.0,🉑️🉑️爱爱,0.5651285996399372
4959938743111187,4950695835600474,16,4963406241074113,2023-11-01 23:15:26,0,广东,是赢姐不是赢者,6841357576,女,183,120.0,晚安💤,0.5003675763957222
4959938743111187,4950695835600474,16,4962930719457327,2023-10-31 15:45:52,0,四川,阳光下珍珠,6250148656,女,99,13.0,哈哈，真真现在普通话说的极好          大家好！我是四川省文化旅游宣传推广大使丁真珍珠，天府之国，古蜀文明，安逸四川，欢迎您！@理塘丁真 #丁真首部电影开机#,0.8764391002670558
4959938743111187,4950695835600474,16,4962639401453035,2023-10-30 20:28:17,0,山西,夏日清颜养乐多,3195098701,女,360,110.0,,0.5
4959938743111187,4950695835600474,16,4962638050627118,2023-10-30 20:22:55,0,福建,丁真的耳坠子,1631162590,女,201,454.0,小可爱,0.8087686171015401
4959938743111187,4950695835600474,16,4961598197992639,2023-10-27 23:30:55,0,贵州,ice空気,3255607942,女,1156,150.0,,0.5
4959938743111187,4950695835600474,16,4961361354817794,2023-10-27 07:49:46,0,辽宁,明早的太阳Q,1956936704,女,284,68.0,早安啊,0.6312327114787821
4959938743111187,4950695835600474,16,4961359595044974,2023-10-27 07:42:47,0,湖南,杨梅和紫荊,5349320150,女,215,53.0,早呀！真真今天又开会了,0.6028349271030319
4959938743111187,4950695835600474,16,4960427588978852,2023-10-24 17:59:20,0,四川,阳光下珍珠,6250148656,女,99,13.0,大家好！我是四川省文化旅游宣传推广大使丁真珍珠，天府之国，古蜀文明，安逸四川，欢迎您！@理塘丁真 #饶雪漫 丁真就是全场最靓的电灯泡#,0.9990300674336398
4959938743111187,4950695835600474,16,4960304190718110,2023-10-24 09:48:59,1,江苏,明媚灿烂自由顽强的格聂之子,5311225722,女,117,79.0,#与珍稀猴会有栖# 哈哈哈，我真和很多珍稀动物都是好朋友#饶雪漫 丁真就是全场最靓的电灯泡#,0.9893055999620015
4959938743111187,4950695835600474,16,4959938743111188,2023-10-23 09:36:50,1,江苏,明媚灿烂自由顽强的格聂之子,5311225722,女,117,79.0,早安呀，真真，自己选的路就是最好的路@理塘丁真,0.9942876576243646
